vin,stock_num,year,make,model,trim,odometer,color_exterior,color_interior,sale_price,url,first_date_seen,last_date_seen,days_in_stock,days_in_stock
5YJ3E1EAXPF699185,T699185,2023,Tesla,Model 3,Rwd,22230,Deep Blue Metallic,Black,30249,https://www.evauto.com/vehicle/used-2023-tesla-model-3-rwd-5yj3e1eaxpf699185/,09/09/2026,Available,5,5
5YJSA1E55NF475006,B475006L,2022,Tesla,Model S,Awd,70362,Solid Black,Black,38999,https://www.evauto.com/vehicle/used-2022-tesla-model-s-awd-5yjsa1e55nf475006/,09/09/2026,Available,5,5
7SAXCAE55SF467387,B467387L,2025,Tesla,Model X,Awd,10464,Solid Black,White,85399,https://www.evauto.com/vehicle/used-2025-tesla-model-x-awd-7saxcae55sf467387/,09/09/2026,Available,5,5
5YJ3E1EBXLF790637,T790637,2020,Tesla,Model 3,Long Range,89374,Solid Black,Black,23789,https://www.evauto.com/vehicle/used-2020-tesla-model-3-long-range-5yj3e1ebxlf790637/,09/09/2026,Available,5,5
7SAXCBE56NF333868,B333868L,2022,Tesla,Model X,Awd,83123,Solid Black,Black,42999,https://evauto.com/vehicle/used-2022-tesla-model-x-awd-7saxcbe56nf333868/,09/09/2026,09/14/2026,5,5
5YJ3E1EA4NF375324,B375324,2022,Tesla,Model 3,Rwd,62504,Pearl White Multi-coat,Black,24749,https://www.evauto.com/vehicle/used-2022-tesla-model-3-rwd-5yj3e1ea4nf375324/,09/09/2026,Available,5,5
5YJ3E1EC2PF708074,T708074,2023,Tesla,Model 3,Performance,35041,Gray,Black,34749,https://www.evauto.com/vehicle/used-2023-tesla-model-3-performance-5yj3e1ec2pf708074/,09/09/2026,Available,5,5
7SAYGDEE4PA195848,B195848,2023,Tesla,Model Y,Long Range,25038,Solid Black,Black,37389,https://www.evauto.com/vehicle/used-2023-tesla-model-y-long-range-7saygdee4pa195848/,09/09/2026,Available,5,5
7SAYGDEF9NF377733,T377733,2022,Tesla,Model Y,Performance,82842,Pearl White Multi-coat,Black,30498,https://evauto.com/vehicle/used-2022-tesla-model-y-performance-7saygdef9nf377733/,09/09/2026,09/14/2026,5,5
5YJ3E1EB8JF113843,T113843,2018,Tesla,Model 3,Long Range,68252,Gray,Black,23489,https://www.evauto.com/vehicle/used-2018-tesla-model-3-long-range-5yj3e1eb8jf113843/,09/09/2026,Available,5,5
7SAYGDEF8NF494185,L494185,2022,Tesla,Model Y,Performance,57919,Pearl White Multi-coat,Black,33489,https://www.evauto.com/vehicle/used-2022-tesla-model-y-performance-7saygdef8nf494185/,09/09/2026,Available,5,5
5YJYGDEF5MF212063,L212063,2021,Tesla,Model Y,Performance,94500,Pearl White Multi-coat,Black,25999,https://evauto.com/vehicle/used-2021-tesla-model-y-performance-5yjygdef5mf212063/,09/09/2026,09/14/2026,5,5
7SAYGDEEXRA246336,T246336,2024,Tesla,Model Y,Long Range,56527,Gray,Black,36098,https://evauto.com/vehicle/used-2024-tesla-model-y-long-range-7saygdeexra246336/,09/09/2026,09/14/2026,5,5
5YJ3E1EA8KF192987,T192987,2019,Tesla,Model 3,Mid Range,52772,Solid Black,Black,24489,https://www.evauto.com/vehicle/used-2019-tesla-model-3-mid-range-5yj3e1ea8kf192987/,09/09/2026,Available,5,5
5YJYGDEE0LF056987,L056987,2020,Tesla,Model Y,Long Range,93429,Red Multi-coat,White,25698,https://www.evauto.com/vehicle/used-2020-tesla-model-y-long-range-5yjygdee0lf056987/,09/09/2026,Available,5,5
5YJYGDEEXMF061020,T061020,2021,Tesla,Model Y,Long Range,77061,Solid Black,White,29189,https://evauto.com/vehicle/used-2021-tesla-model-y-long-range-5yjygdeexmf061020/,09/09/2026,09/14/2026,5,5
7SAYGDEF5NF542791,B542791,2022,Tesla,Model Y,Performance,77560,Pearl White Multi-coat,White,31999,https://www.evauto.com/vehicle/used-2022-tesla-model-y-performance-7saygdef5nf542791/,09/09/2026,Available,5,5
5YJ3E1EBXNF180188,L180188,2022,Tesla,Model 3,Long Range,77604,Pearl White Multi-coat,Black,27989,https://evauto.com/vehicle/used-2022-tesla-model-3-long-range-5yj3e1ebxnf180188/,09/09/2026,09/14/2026,5,5
5YJ3E1EC8PF499794,T499794,2023,Tesla,Model 3,Performance,49223,Pearl White Multi-coat,Black,32399,https://evauto.com/vehicle/used-2023-tesla-model-3-performance-5yj3e1ec8pf499794/,09/09/2026,09/14/2026,5,5
7SAYGDEFXNF546805,B546805,2022,Tesla,Model Y,Performance,93812,Gray,Black,29489,https://www.evauto.com/vehicle/used-2022-tesla-model-y-performance-7saygdefxnf546805/,09/09/2026,Available,5,5
5YJ3E1EA6PF473323,T473323,2023,Tesla,Model 3,Rwd,57744,Gray,Black,26098,https://www.evauto.com/vehicle/used-2023-tesla-model-3-rwd-5yj3e1ea6pf473323/,09/09/2026,Available,5,5
7SAYGDEE6RA238766,B238766,2024,Tesla,Model Y,Long Range,54929,Solid Black,White,36489,https://www.evauto.com/vehicle/used-2024-tesla-model-y-long-range-7saygdee6ra238766/,09/09/2026,Available,5,5
7SAYGDEE7PF715267,T715267,2023,Tesla,Model Y,Long Range,100139,Solid Black,Black,26999,https://www.evauto.com/vehicle/used-2023-tesla-model-y-long-range-7saygdee7pf715267/,09/09/2026,Available,5,5
5YJYGDEE9MF108716,B108716,2021,Tesla,Model Y,Long Range,98964,Solid Black,Black,25489,https://www.evauto.com/vehicle/used-2021-tesla-model-y-long-range-5yjygdee9mf108716/,09/09/2026,Available,5,5
5YJSA1E66MF447254,B447254L,2021,Tesla,Model S,Plaid,31789,Solid Black,Black,54999,https://www.evauto.com/vehicle/used-2021-tesla-model-s-plaid-5yjsa1e66mf447254/,09/09/2026,Available,5,5
5YJ3E1EC6MF976153,T976153,2021,Tesla,Model 3,Performance,52359,Pearl White Multi-coat,Black,30399,https://www.evauto.com/vehicle/used-2021-tesla-model-3-performance-5yj3e1ec6mf976153/,09/09/2026,Available,5,5
5YJ3E1EA3KF310797,T310797,2019,Tesla,Model 3,Standard Range Plus,82520,Solid Black,Black,21989,https://www.evauto.com/vehicle/used-2019-tesla-model-3-standard-range-plus-5yj3e1ea3kf310797/,09/09/2026,Available,5,5
5YJ3E1EA5NF186701,L186701,2022,Tesla,Model 3,Rwd,91808,Red Multi-coat,Black,20989,https://evauto.com/vehicle/used-2022-tesla-model-3-rwd-5yj3e1ea5nf186701/,09/09/2026,09/14/2026,5,5
7SAYGDEE3RA224131,L224131,2024,Tesla,Model Y,Long Range,17000,Deep Blue Metallic,Black,40998,https://evauto.com/vehicle/used-2024-tesla-model-y-long-range-7saygdee3ra224131/,09/09/2026,09/14/2026,5,5
5YJ3E1EB4MF034870,T034870,2021,Tesla,Model 3,Long Range,99984,Gray,Black,24489,https://www.evauto.com/vehicle/used-2021-tesla-model-3-long-range-5yj3e1eb4mf034870/,09/09/2026,Available,5,5
5YJ3E1EB7PF634691,T634691,2023,Tesla,Model 3,Long Range,100000,Gray,Black,25488,https://www.evauto.com/vehicle/used-2023-tesla-model-3-long-range-5yj3e1eb7pf634691/,09/09/2026,Available,5,5
7SAYGDEF5PF785262,B785262,2023,Tesla,Model Y,Performance,57837,Pearl White Multi-coat,White,34399,https://evauto.com/vehicle/used-2023-tesla-model-y-performance-7saygdef5pf785262/,09/09/2026,09/14/2026,5,5
5YJ3E1EAXMF852174,T852174,2021,Tesla,Model 3,Standard Range Plus,54325,Deep Blue Metallic,White,24749,https://www.evauto.com/vehicle/used-2021-tesla-model-3-standard-range-plus-5yj3e1eaxmf852174/,09/09/2026,Available,5,5
7SAYGDED5RF095965,L095965,2024,Tesla,Model Y,Rwd,44553,Solid Black,Black,34489,https://www.evauto.com/vehicle/used-2024-tesla-model-y-base-7saygded5rf095965/,09/09/2026,Available,5,5
5YJXCAE24LF233178,B233178A,2020,Tesla,Model X,Long Range Plus,62318,Pearl White Multi-coat,Black,41399,https://evauto.com/vehicle/used-2020-tesla-model-x-long-range-plus-5yjxcae24lf233178/,09/09/2026,09/14/2026,5,5
7SAYGDEF2PF826348,L826348,2023,Tesla,Model Y,Performance,101255,Gray,Black,28399,https://www.evauto.com/vehicle/used-2023-tesla-model-y-performance-7saygdef2pf826348/,09/09/2026,Available,5,5
5YJSA1E60MF431051,B431051,2021,Tesla,Model S,Plaid,82939,Deep Blue Metallic,Black,53489,https://www.evauto.com/vehicle/used-2021-tesla-model-s-plaid-5yjsa1e60mf431051/,09/09/2026,Available,5,5
7SAXCBE68PF375325,B375325,2023,Tesla,Model X,Plaid,52219,Pearl White Multi-coat,Black,70189,https://www.evauto.com/vehicle/used-2023-tesla-model-x-plaid-7saxcbe68pf375325/,09/09/2026,Available,5,5
5YJ3E1EA8PF426083,T426083,2023,Tesla,Model 3,Rwd,31501,Red Multi-coat,Black,29489,https://www.evauto.com/vehicle/used-2023-tesla-model-3-rwd-5yj3e1ea8pf426083/,09/09/2026,Available,5,5
7SAYGAEE0PF682868,B682868,2023,Tesla,Model Y,Long Range,44408,Pearl White Multi-coat,Black,35489,https://evauto.com/vehicle/used-2023-tesla-model-y-long-range-7saygaee0pf682868/,09/09/2026,09/14/2026,5,5
7SAYGAEE0PF633718,T633718,2023,Tesla,Model Y,Long Range,49512,Deep Blue Metallic,Black,34489,https://www.evauto.com/vehicle/used-2023-tesla-model-y-long-range-7saygaee0pf633718/,09/09/2026,Available,5,5
5YJYGDEE4MF108672,T108672,2021,Tesla,Model Y,Long Range,72176,Gray,White,29489,https://www.evauto.com/vehicle/used-2021-tesla-model-y-long-range-5yjygdee4mf108672/,09/09/2026,Available,5,5
7SAYGDEF4NF373007,T373007,2022,Tesla,Model Y,Performance,35957,Red Multi-coat,Black,34749,https://www.evauto.com/vehicle/used-2022-tesla-model-y-performance-7saygdef4nf373007/,09/09/2026,Available,5,5
5YJ3E1EB6MF066803,L066803,2021,Tesla,Model 3,Long Range,74663,Pearl White Multi-coat,Black,27098,https://evauto.com/vehicle/used-2021-tesla-model-3-long-range-5yj3e1eb6mf066803/,09/09/2026,09/14/2026,5,5
7SAYGDEE1RA228310,T228310,2024,Tesla,Model Y,Long Range,29885,Gray,Black,39599,https://www.evauto.com/vehicle/used-2024-tesla-model-y-long-range-7saygdee1ra228310/,09/09/2026,Available,5,5
7SAXCDE56NF349970,L349970L,2022,Tesla,Model X,Awd,77954,Pearl White Multi-coat,Cream,46399,https://www.evauto.com/vehicle/used-2022-tesla-model-x-awd-7saxcde56nf349970/,09/09/2026,Available,5,5
7SAYGAEE0RF208700,L208700,2024,Tesla,Model Y,Long Range,75804,Ultra Red,Black,34989,https://www.evauto.com/vehicle/used-2024-tesla-model-y-long-range-7saygaee0rf208700/,09/09/2026,Available,5,5
7SAYGDED8TA606105,T606105,2026,Tesla,Model Y,Rwd,12498,Gray,Black,43399,https://www.evauto.com/vehicle/used-2026-tesla-model-y-rwd-7saygded8ta606105/,09/09/2026,Available,5,5
5YJYGDEE3MF191723,T191723,2021,Tesla,Model Y,Long Range,83281,Deep Blue Metallic,Black,30399,https://www.evauto.com/vehicle/used-2021-tesla-model-y-long-range-5yjygdee3mf191723/,09/09/2026,Available,5,5
7SAYGDEE6PF661167,L661167,2023,Tesla,Model Y,Long Range,37601,Pearl White Multi-coat,Black,35399,https://www.evauto.com/vehicle/used-2023-tesla-model-y-long-range-7saygdee6pf661167/,09/09/2026,Available,5,5
5YJ3E1EC6NF266767,L266767,2022,Tesla,Model 3,Performance,33959,Red Multi-coat,White,32898,https://evauto.com/vehicle/used-2022-tesla-model-3-performance-5yj3e1ec6nf266767/,09/09/2026,09/14/2026,5,5
7SAYGDEF4NF493132,B493132L,2022,Tesla,Model Y,Performance,42889,Deep Blue Metallic,Black,31489,https://www.evauto.com/vehicle/used-2022-tesla-model-y-performance-7saygdef4nf493132/,09/09/2026,Available,5,5
5YJ3E1EC1MF874341,L874341,2021,Tesla,Model 3,Performance,105649,Gray,Black,23999,https://www.evauto.com/vehicle/used-2021-tesla-model-3-performance-5yj3e1ec1mf874341/,09/09/2026,Available,5,5
5YJ3E1EC9PF632272,B632272,2023,Tesla,Model 3,Performance,40363,Gray,White,34489,https://www.evauto.com/vehicle/used-2023-tesla-model-3-performance-5yj3e1ec9pf632272/,09/09/2026,Available,5,5
7SAYGDEF0NF542813,B542813,2022,Tesla,Model Y,Performance,47874,Gray,Black,33189,https://www.evauto.com/vehicle/used-2022-tesla-model-y-performance-7saygdef0nf542813/,09/09/2026,Available,5,5
7SAYGDEF0NF561426,L561426,2022,Tesla,Model Y,Performance,62630,Gray,White,34489,https://www.evauto.com/vehicle/used-2022-tesla-model-y-performance-7saygdef0nf561426/,09/09/2026,Available,5,5
7SAYGDEE6PF690250,T690250,2023,Tesla,Model Y,Long Range,66410,Solid Black,Black,32999,https://evauto.com/vehicle/used-2023-tesla-model-y-long-range-7saygdee6pf690250/,09/09/2026,09/14/2026,5,5
7SAYGDEE5PA198581,B198581,2023,Tesla,Model Y,Long Range,45852,Pearl White Multi-coat,Black,35399,https://evauto.com/vehicle/used-2023-tesla-model-y-long-range-7saygdee5pa198581/,09/09/2026,09/14/2026,5,5
7SAYGDEFXPF708001,T708001,2023,Tesla,Model Y,Performance,62701,Solid Black,Black,32999,https://www.evauto.com/vehicle/used-2023-tesla-model-y-performance-7saygdefxpf708001/,09/09/2026,Available,5,5
7SAYGAEE8NF552138,L552138,2022,Tesla,Model Y,Long Range,31600,Solid Black,White,35489,https://evauto.com/vehicle/used-2022-tesla-model-y-long-range-7saygaee8nf552138/,09/09/2026,09/14/2026,5,5
7SAYGDEE4NF481814,T481814,2022,Tesla,Model Y,Long Range,58703,Deep Blue Metallic,Black,30689,https://www.evauto.com/vehicle/used-2022-tesla-model-y-long-range-7saygdee4nf481814/,09/09/2026,Available,5,5
5YJ3E1EA8PF406691,T406691,2023,Tesla,Model 3,Rwd,99056,Gray,Black,22999,https://www.evauto.com/vehicle/used-2023-tesla-model-3-rwd-5yj3e1ea8pf406691/,09/09/2026,Available,5,5
7SAYGDEF1PF597502,T597502A,2023,Tesla,Model Y,Performance,107781,Pearl White Multi-coat,White/black,28999,https://www.evauto.com/vehicle/used-2023-tesla-model-y-performance-7saygdef1pf597502/,09/09/2026,Available,5,5
5YJ3E1EA9PF662872,T662872,2023,Tesla,Model 3,Rwd,22084,Gray,Black,29489,https://www.evauto.com/vehicle/used-2023-tesla-model-3-rwd-5yj3e1ea9pf662872/,09/09/2026,Available,5,5
5YJYGDEFXMF263994,T263994,2021,Tesla,Model Y,Performance,73351,Deep Blue Metallic,White,29089,https://www.evauto.com/vehicle/used-2021-tesla-model-y-performance-5yjygdefxmf263994/,09/09/2026,Available,5,5
7SAXCBE59NF360188,B360188C,2022,Tesla,Model X,Awd,48577,Solid Black,Black,64489,https://www.evauto.com/vehicle/used-2022-tesla-model-x-awd-7saxcbe59nf360188/,09/09/2026,Available,5,5
5YJYGDEE9MF110000,T110000,2021,Tesla,Model Y,Long Range,92701,Gray,Black,25999,https://evauto.com/vehicle/used-2021-tesla-model-y-long-range-5yjygdee9mf110000/,09/09/2026,09/14/2026,5,5
5YJYGDEE5MF274957,T274957,2021,Tesla,Model Y,Long Range,72152,Deep Blue Metallic,Black,29098,https://www.evauto.com/vehicle/used-2021-tesla-model-y-long-range-5yjygdee5mf274957/,09/09/2026,Available,5,5
7SAYGDEF6NF484660,B484660,2022,Tesla,Model Y,Performance,75499,Pearl White Multi-coat,Black,31649,https://www.evauto.com/vehicle/used-2022-tesla-model-y-performance-7saygdef6nf484660/,09/09/2026,Available,5,5
7G2CEHEEXRA042489,L042489,2024,Tesla,Cybertruck,Cyberbeast,31905,Stainless Steel,Black,86189,https://www.evauto.com/vehicle/used-2024-tesla-cybertruck-cyberbeast-7g2ceheexra042489/,09/09/2026,Available,5,5
7SAYGDEF8NF531736,T531736,2022,Tesla,Model Y,Performance,69421,Deep Blue Metallic,White,32489,https://www.evauto.com/vehicle/used-2022-tesla-model-y-performance-7saygdef8nf531736/,09/09/2026,Available,5,5
7SAYGDEE1RA252672,T252672,2024,Tesla,Model Y,Long Range,31729,Gray,White,39299,https://www.evauto.com/vehicle/used-2024-tesla-model-y-long-range-7saygdee1ra252672/,09/09/2026,Available,5,5
7SAXCDE56NF341156,B341156L,2022,Tesla,Model X,Awd,39610,Solid Black,Black,50999,https://www.evauto.com/vehicle/used-2022-tesla-model-x-awd-7saxcde56nf341156/,09/09/2026,Available,5,5
7SAYGDEE1PA161480,L161480,2023,Tesla,Model Y,Long Range,44823,Red Multi-coat,Black,35489,https://www.evauto.com/vehicle/used-2023-tesla-model-y-long-range-7saygdee1pa161480/,09/09/2026,Available,5,5
7G2CEHED7RA001437,B001437L,2024,Tesla,Cybertruck,Awd,55551,Stainless Steel,Black,67399,https://evauto.com/vehicle/used-2024-tesla-cybertruck-awd-7g2cehed7ra001437/,09/09/2026,09/14/2026,5,5
5YJ3E1EA7MF027838,T027838,2021,Tesla,Model 3,Standard Range Plus,93586,Gray,Black,20399,https://www.evauto.com/vehicle/used-2021-tesla-model-3-standard-range-plus-5yj3e1ea7mf027838/,09/09/2026,Available,5,5
5YJ3E1EB3NF206534,L206534,2022,Tesla,Model 3,Long Range,77331,Gray,Black,27999,https://evauto.com/vehicle/used-2022-tesla-model-3-long-range-5yj3e1eb3nf206534/,09/09/2026,09/14/2026,5,5
5YJ3E1EB8KF194523,T194523,2019,Tesla,Model 3,Long Range,100156,Red Multi-coat,Black,19749,https://www.evauto.com/vehicle/used-2019-tesla-model-3-long-range-5yj3e1eb8kf194523/,09/09/2026,Available,5,5
7SAYGDEF4NF539929,T539929,2022,Tesla,Model Y,Performance,60022,Solid Black,Black,31999,https://www.evauto.com/vehicle/used-2022-tesla-model-y-performance-7saygdef4nf539929/,09/09/2026,Available,5,5
5YJ3E1EBXLF787575,T787575,2020,Tesla,Model 3,Long Range,59618,Pearl White Multi-coat,Black,26999,https://www.evauto.com/vehicle/used-2020-tesla-model-3-long-range-5yj3e1ebxlf787575/,09/09/2026,Available,5,5
7SAYGDEF9NF439132,T439132,2022,Tesla,Model Y,Performance,66634,Solid Black,Black,31498,https://www.evauto.com/vehicle/used-2022-tesla-model-y-performance-7saygdef9nf439132/,09/09/2026,Available,5,5
5YJ3E1EB4NF187928,L187928,2022,Tesla,Model 3,Long Range,106270,Red Multi-coat,Black,24399,https://evauto.com/vehicle/used-2022-tesla-model-3-long-range-5yj3e1eb4nf187928/,09/09/2026,09/14/2026,5,5
7SAXCBE68NF331399,L331399L,2022,Tesla,Model X,Plaid,36239,Solid Black,Cream,60399,https://www.evauto.com/vehicle/used-2022-tesla-model-x-plaid-7saxcbe68nf331399/,09/09/2026,Available,5,5
7SAXCDE56RF440825,L440825L,2024,Tesla,Model X,Awd,25769,Gray,Black,68399,https://www.evauto.com/vehicle/used-2024-tesla-model-x-awd-7saxcde56rf440825/,09/09/2026,Available,5,5
7SAYGDEF8NF461199,T461199,2022,Tesla,Model Y,Performance,67194,Solid Black,Black,31489,https://www.evauto.com/vehicle/used-2022-tesla-model-y-performance-7saygdef8nf461199/,09/09/2026,Available,5,5
5YJ3E1EB3RF855062,L855062,2024,Tesla,Model 3,Long Range,23374,Quicksilver,White,39989,https://evauto.com/vehicle/used-2024-tesla-model-3-long-range-5yj3e1eb3rf855062/,09/09/2026,09/14/2026,5,5
5YJSA1E69NF464826,L464826L,2022,Tesla,Model S,Plaid,51722,Gray,Black,59399,https://www.evauto.com/vehicle/used-2022-tesla-model-s-plaid-5yjsa1e69nf464826/,09/09/2026,Available,5,5
7SAXCBE6XNF334112,L334112,2022,Tesla,Model X,Plaid,43063,Gray,Black,59999,https://www.evauto.com/vehicle/used-2022-tesla-model-x-plaid-7saxcbe6xnf334112/,09/09/2026,Available,5,5
5YJ3E1EB4NF260389,B260389,2022,Tesla,Model 3,Long Range,51307,Pearl White Multi-coat,Black,30049,https://evauto.com/vehicle/used-2022-tesla-model-3-long-range-5yj3e1eb4nf260389/,09/09/2026,09/14/2026,5,5
5YJYGDEE9MF125189,T125189,2021,Tesla,Model Y,Long Range,32689,Gray,Black,34489,https://www.evauto.com/vehicle/used-2021-tesla-model-y-long-range-5yjygdee9mf125189/,09/09/2026,Available,5,5
5YJYGDEE8MF094999,L094999,2021,Tesla,Model Y,Long Range,118158,Pearl White Multi-coat,Black,23999,https://www.evauto.com/vehicle/used-2021-tesla-model-y-long-range-5yjygdee8mf094999/,09/09/2026,Available,5,5
5YJ3E1EC5MF869644,T869644,2021,Tesla,Model 3,Performance,93495,Pearl White Multi-coat,White,25999,https://www.evauto.com/vehicle/used-2021-tesla-model-3-performance-5yj3e1ec5mf869644/,09/09/2026,Available,5,5
7SAYGDEF6PF808953,L808953L,2023,Tesla,Model Y,Performance,56214,Solid Black,Black,32999,https://www.evauto.com/vehicle/used-2023-tesla-model-y-performance-7saygdef6pf808953/,09/09/2026,Available,5,5
7SAYGDEF8NF452048,L452048,2022,Tesla,Model Y,Performance,90558,Pearl White Multi-coat,Black,28989,https://www.evauto.com/vehicle/used-2022-tesla-model-y-performance-7saygdef8nf452048/,09/09/2026,Available,5,5
5YJ3E1ET9RF854555,B854555,2024,Tesla,Model 3,Performance,41332,Gray,Black,42489,https://www.evauto.com/vehicle/used-2024-tesla-model-3-performance-5yj3e1et9rf854555/,09/09/2026,Available,5,5
5YJ3E1ET7RF782903,L782903A,2024,Tesla,Model 3,Performance,7058,Solid Black,Black,46798,https://www.evauto.com/vehicle/used-2024-tesla-model-3-performance-5yj3e1et7rf782903/,09/09/2026,Available,5,5
5YJ3E1EC3LF642208,T642208,2020,Tesla,Model 3,Performance,58626,Pearl White Multi-coat,White,27489,https://www.evauto.com/vehicle/used-2020-tesla-model-3-performance-5yj3e1ec3lf642208/,09/09/2026,Available,5,5
7SAYGDEF9PF740034,L740034L,2023,Tesla,Model Y,Performance,22962,Red Multi-coat,Black,36199,https://www.evauto.com/vehicle/used-2023-tesla-model-y-performance-7saygdef9pf740034/,09/09/2026,Available,5,5
5YJ3E1EB9NF185138,B185138,2022,Tesla,Model 3,Long Range,114661,Gray,Black,23089,https://evauto.com/vehicle/used-2022-tesla-model-3-long-range-5yj3e1eb9nf185138/,09/09/2026,09/14/2026,5,5
7SAYGDEFXNF406334,B406334,2022,Tesla,Model Y,Performance,35890,Deep Blue Metallic,Black,35999,https://www.evauto.com/vehicle/used-2022-tesla-model-y-performance-7saygdefxnf406334/,09/09/2026,Available,5,5
7SAXCDE58NF350165,B350165,2022,Tesla,Model X,Base,56148,Solid Black,Black,47699,https://evauto.com/vehicle/used-2022-tesla-model-x-base-7saxcde58nf350165/,09/09/2026,09/14/2026,5,5
7SAYGDEE4PF688464,T688464,2023,Tesla,Model Y,Long Range,37352,Red Multi-coat,White,35998,https://www.evauto.com/vehicle/used-2023-tesla-model-y-long-range-7saygdee4pf688464/,09/09/2026,Available,5,5
5YJ3E1EA7PF655192,T655192,2023,Tesla,Model 3,Rwd,40491,Gray,Black,29189,https://www.evauto.com/vehicle/used-2023-tesla-model-3-rwd-5yj3e1ea7pf655192/,09/09/2026,Available,5,5
7SAYGDETXTA681590,T681590,2026,Tesla,Model Y,Performance,1119,Pearl White Multi-coat,Black,59789,https://www.evauto.com/vehicle/used-2026-tesla-model-y-performance-7saygdetxta681590/,09/09/2026,Available,5,5
7SAYGDEF3NF459635,B459635,2022,Tesla,Model Y,Performance,50682,Gray,Black,32489,https://www.evauto.com/vehicle/used-2022-tesla-model-y-performance-7saygdef3nf459635/,09/09/2026,Available,5,5
7SAYGDEE8RA252863,B252863,2024,Tesla,Model Y,Long Range,39220,Gray,Black,38098,https://www.evauto.com/vehicle/used-2024-tesla-model-y-long-range-7saygdee8ra252863/,09/09/2026,Available,5,5
5YJ3E1EB0JF112590,T112590,2018,Tesla,Model 3,Long Range,107627,Deep Blue Metallic,Black,19789,https://www.evauto.com/vehicle/used-2018-tesla-model-3-long-range-5yj3e1eb0jf112590/,09/09/2026,Available,5,5
7SAYGDEE3TF365839,B365839,2026,Tesla,Model Y,Long Range,42999,Black,Black,45989,https://www.evauto.com/vehicle/used-2026-tesla-model-y-long-range-7saygdee3tf365839/,09/09/2026,Available,5,5
5YJ3E1EB5MF847943,T847943,2021,Tesla,Model 3,Long Range,87107,Red Multi-coat,White,25489,https://www.evauto.com/vehicle/used-2021-tesla-model-3-long-range-5yj3e1eb5mf847943/,09/09/2026,Available,5,5
5YJ3E1EB8JF184735,T184735,2018,Tesla,Model 3,Long Range Battery,48715,Black,Black,27399,https://www.evauto.com/vehicle/used-2018-tesla-model-3-long-range-battery-5yj3e1eb8jf184735/,09/09/2026,Available,5,5
5YJYGDEE2MF213341,B213341,2021,Tesla,Model Y,Long Range,97450,Red Multi-coat,Black,25989,https://evauto.com/vehicle/used-2021-tesla-model-y-long-range-5yjygdee2mf213341/,09/09/2026,09/14/2026,5,5
5YJ3E1EA6MF854522,T854522,2021,Tesla,Model 3,Standard Range Plus,92763,Gray,Black,20749,https://www.evauto.com/vehicle/used-2021-tesla-model-3-standard-range-plus-5yj3e1ea6mf854522/,09/09/2026,Available,5,5
7SAYGDEF1PF940213,B940213,2023,Tesla,Model Y,Performance,62941,Solid Black,Black,34498,https://www.evauto.com/vehicle/used-2023-tesla-model-y-performance-7saygdef1pf940213/,09/09/2026,Available,5,5
5YJ3E1EB3KF494423,T494423,2019,Tesla,Model 3,Long Range,82973,Pearl White Multi-coat,White,22989,https://www.evauto.com/vehicle/used-2019-tesla-model-3-long-range-5yj3e1eb3kf494423/,09/09/2026,Available,5,5
7SAYGDEE1RF063894,L063894,2024,Tesla,Model Y,Long Range,36229,Gray,Black,38698,https://www.evauto.com/vehicle/used-2024-tesla-model-y-long-range-7saygdee1rf063894/,09/09/2026,Available,5,5
5YJ3E1EB3PF388447,L388447,2023,Tesla,Model 3,Long Range,83551,Gray,Black,27098,https://www.evauto.com/vehicle/used-2023-tesla-model-3-long-range-5yj3e1eb3pf388447/,09/09/2026,Available,5,5
5YJ3E1EB3JF063076,B063076,2018,Tesla,Model 3,Performance,107764,Gray,Black,21598,https://evauto.com/vehicle/used-2018-tesla-model-3-performance-5yj3e1eb3jf063076/,09/09/2026,09/14/2026,5,5
5YJ3E1EB8LF650070,L650070,2020,Tesla,Model 3,Long Range,56604,Pearl White Multi-coat,Black,26698,https://www.evauto.com/vehicle/used-2020-tesla-model-3-long-range-5yj3e1eb8lf650070/,09/09/2026,Available,5,5
7SAYGDEF6PF853200,T853200,2023,Tesla,Model Y,Performance,101431,Red Multi-coat,Black,29399,https://www.evauto.com/vehicle/used-2023-tesla-model-y-performance-7saygdef6pf853200/,09/09/2026,Available,5,5
7SAYGDEEXPF809272,L809272,2023,Tesla,Model Y,Long Range,21097,Gray,Black,37999,https://evauto.com/vehicle/used-2023-tesla-model-y-long-range-7saygdeexpf809272/,09/09/2026,09/14/2026,5,5
7SAYGDET5TA719839,T719839,2026,Tesla,Model Y,Performance,650,Pearl White Multi-coat,Black,62488,https://www.evauto.com/vehicle/used-2026-tesla-model-y-performance-7saygdet5ta719839/,09/09/2026,Available,5,5
7SAYGDEE6PA092611,T092611,2023,Tesla,Model Y,Long Range,50305,Pearl White Multi-coat,Black,34998,https://www.evauto.com/vehicle/used-2023-tesla-model-y-long-range-7saygdee6pa092611/,09/09/2026,Available,5,5
5YJ3E1EA2PF585620,T585620,2023,Tesla,Model 3,Rwd,24331,Pearl White Multi-coat,Black,30789,https://www.evauto.com/vehicle/used-2023-tesla-model-3-rwd-5yj3e1ea2pf585620/,09/09/2026,Available,5,5
7SAYGDEF4PF702419,B702419,2023,Tesla,Model Y,Performance,20851,Solid Black,Black,38498,https://www.evauto.com/vehicle/used-2023-tesla-model-y-performance-7saygdef4pf702419/,09/09/2026,Available,5,5
5YJ3E1EC3NF263017,L263017,2022,Tesla,Model 3,Performance,40921,Gray,Black,32098,https://evauto.com/vehicle/used-2022-tesla-model-3-performance-5yj3e1ec3nf263017/,09/09/2026,09/14/2026,5,5
5YJ3E1EC4PF410867,B410867,2023,Tesla,Model 3,Performance,43148,Solid Black,White,34489,https://www.evauto.com/vehicle/used-2023-tesla-model-3-performance-5yj3e1ec4pf410867/,09/09/2026,Available,5,5
7SAYGDEE8TA470020,B470020,2026,Tesla,Model Y,Long Range,10634,Gray,Black,50098,https://www.evauto.com/vehicle/used-2026-tesla-model-y-long-range-7saygdee8ta470020/,09/09/2026,Available,5,5
7SAYGDEE8PF877084,B877084,2023,Tesla,Model Y,Long Range,87264,Gray,Black,30399,https://www.evauto.com/vehicle/used-2023-tesla-model-y-long-range-7saygdee8pf877084/,09/09/2026,Available,5,5
7SAYGDEF6NF503286,B503286,2022,Tesla,Model Y,Performance,45028,Gray,Black,33999,https://www.evauto.com/vehicle/used-2022-tesla-model-y-performance-7saygdef6nf503286/,09/09/2026,Available,5,5
7SAYGDEE6RF181407,T181407,2024,Tesla,Model Y,Long Range,29377,Pearl White Multi-coat,Black,39098,https://www.evauto.com/vehicle/used-2024-tesla-model-y-long-range-7saygdee6rf181407/,09/09/2026,Available,5,5
5YJYGDEF1LF005555,L005555,2020,Tesla,Model Y,Long Range,119960,Pearl White Multi-coat,Black,22999,https://www.evauto.com/vehicle/used-2020-tesla-model-y-long-range-5yjygdef1lf005555/,09/09/2026,Available,5,5
7SAYGDEE7NF509346,L509346,2022,Tesla,Model Y,Long Range,55478,Solid Black,Black,32399,https://www.evauto.com/vehicle/used-2022-tesla-model-y-long-range-7saygdee7nf509346/,09/09/2026,Available,5,5
5YJ3E1EB3NF199357,L199357,2022,Tesla,Model 3,Long Range,54670,Deep Blue Metallic,Black,29399,https://www.evauto.com/vehicle/used-2022-tesla-model-3-long-range-5yj3e1eb3nf199357/,09/09/2026,Available,5,5
7G2CEHEEXRA029080,T029080,2024,Tesla,Cybertruck,Cyberbeast,21218,Stainless Steel,Black,92398,https://www.evauto.com/vehicle/used-2024-tesla-cybertruck-cyberbeast-7g2ceheexra029080/,09/09/2026,Available,5,5
5YJYGAEE4MF255878,B255878,2021,Tesla,Model Y,Long Range,78010,Pearl White Multi-coat,Black,28999,https://www.evauto.com/vehicle/used-2021-tesla-model-y-long-range-5yjygaee4mf255878/,09/09/2026,Available,5,5
7SAYGDEE4PF794185,L794185,2023,Tesla,Model Y,Long Range,65238,Pearl White Multi-coat,Black,32999,https://www.evauto.com/vehicle/used-2023-tesla-model-y-long-range-7saygdee4pf794185/,09/09/2026,Available,5,5
7SAYGDEEXRA265811,T265811,2024,Tesla,Model Y,Long Range,20735,Gray,White,40198,https://evauto.com/vehicle/used-2024-tesla-model-y-long-range-7saygdeexra265811/,09/09/2026,09/14/2026,5,5
5YJ3E1EB8LF663627,B663627,2020,Tesla,Model 3,Long Range,65612,Pearl White Multi-coat,Black,28399,https://evauto.com/vehicle/used-2020-tesla-model-3-long-range-5yj3e1eb8lf663627/,09/09/2026,09/14/2026,5,5
5YJ3E1EA2PF688570,L688570L,2023,Tesla,Model 3,Rwd,52235,Gray,Black,25498,https://www.evauto.com/vehicle/used-2023-tesla-model-3-rwd-5yj3e1ea2pf688570/,09/09/2026,Available,5,5
7SAYGDEE0PA080390,T080390,2023,Tesla,Model Y,Long Range,52059,Solid Black,Black,33999,https://www.evauto.com/vehicle/used-2023-tesla-model-y-long-range-7saygdee0pa080390/,09/14/2026,Available,0,0
5YJ3E1EB7NF144670,L144670,2022,Tesla,Model 3,Long Range,21937,Pearl White Multi-coat,White,31489,https://www.evauto.com/vehicle/used-2022-tesla-model-3-long-range-5yj3e1eb7nf144670/,09/14/2026,Available,0,0
7SAYGDEE4TF356843,T356843,2026,Tesla,Model Y,Long Range,32182,Ultra Red,Black,46598,https://www.evauto.com/vehicle/used-2026-tesla-model-y-long-range-7saygdee4tf356843/,09/14/2026,Available,0,0
5YJYGDEF5MF277897,L277897,2021,Tesla,Model Y,Performance,107926,Pearl White Multi-coat,Black,25489,https://www.evauto.com/vehicle/used-2021-tesla-model-y-performance-5yjygdef5mf277897/,09/14/2026,Available,0,0
7SAYGDEE1PF605878,L605878,2023,Tesla,Model Y,Long Range,119570,Gray,Black,26489,https://www.evauto.com/vehicle/used-2023-tesla-model-y-long-range-7saygdee1pf605878/,09/14/2026,Available,0,0
7SAYGDEE2PF662591,T662591,2023,Tesla,Model Y,Long Range,47401,Red Multi-coat,Black,34689,https://www.evauto.com/vehicle/used-2023-tesla-model-y-long-range-7saygdee2pf662591/,09/14/2026,Available,0,0
7SAYGDEE5RF071626,B071626,2024,Tesla,Model Y,Long Range,63020,Solid Black,Black,35999,https://www.evauto.com/vehicle/used-2024-tesla-model-y-long-range-7saygdee5rf071626/,09/14/2026,Available,0,0
5YJYGDEE2MF273961,B273961,2021,Tesla,Model Y,Long Range,72300,Pearl White Multi-coat,White,29749,https://www.evauto.com/vehicle/used-2021-tesla-model-y-long-range-5yjygdee2mf273961/,09/14/2026,Available,0,0
7SAYGDEF3PF762191,L762191,2023,Tesla,Model Y,Performance,37501,Pearl White Multi-coat,Black,37399,https://www.evauto.com/vehicle/used-2023-tesla-model-y-performance-7saygdef3pf762191/,09/14/2026,Available,0,0
7SAYGAEE2PF863003,B863003,2023,Tesla,Model Y,Long Range,93537,Gray,Black,29489,https://www.evauto.com/vehicle/used-2023-tesla-model-y-long-range-7saygaee2pf863003/,09/14/2026,Available,0,0
5YJYGAEE1MF180640,L180640,2021,Tesla,Model Y,Long Range,72318,Pearl White Multi-coat,Black,30289,https://www.evauto.com/vehicle/used-2021-tesla-model-y-long-range-5yjygaee1mf180640/,09/14/2026,Available,0,0
7SAYGDEF6NF309194,T309194,2022,Tesla,Model Y,Performance,62047,Pearl White Multi-coat,Black,33488,https://www.evauto.com/vehicle/used-2022-tesla-model-y-performance-7saygdef6nf309194/,09/14/2026,Available,0,0
5YJ3E1EAXPF436159,T436159,2023,Tesla,Model 3,Rwd,31151,Solid Black,Black,29489,https://www.evauto.com/vehicle/used-2023-tesla-model-3-rwd-5yj3e1eaxpf436159/,09/14/2026,Available,0,0
5YJ3E1EAXKF447557,L447557,2019,Tesla,Model 3,Standard Range Plus,74964,Solid Black,Black,22989,https://www.evauto.com/vehicle/used-2019-tesla-model-3-standard-range-plus-5yj3e1eaxkf447557/,09/14/2026,Available,0,0
7SAYGDEF0PF801433,T801433,2023,Tesla,Model Y,Performance,85611,Red Multi-coat,Black,31498,https://www.evauto.com/vehicle/used-2023-tesla-model-y-performance-7saygdef0pf801433/,09/14/2026,Available,0,0
5YJYGDEE3MF064275,T064275,2021,Tesla,Model Y,Long Range,51641,Pearl White Multi-coat,Black,32098,https://www.evauto.com/vehicle/used-2021-tesla-model-y-long-range-5yjygdee3mf064275/,09/14/2026,Available,0,0
5YJ3E1EB1KF487292,B487292,2019,Tesla,Model 3,Performance,81983,Pearl White Multi-coat,Black,23489,https://www.evauto.com/vehicle/used-2019-tesla-model-3-performance-5yj3e1eb1kf487292/,09/14/2026,Available,0,0
5YJYGDEE3LF037236,T037236,2020,Tesla,Model Y,Long Range,82772,Midnight Silver Metallic,Black,26798,https://www.evauto.com/vehicle/used-2020-tesla-model-y-long-range-5yjygdee3lf037236/,09/14/2026,Available,0,0
7SAYGDEEXRA288201,L288201,2024,Tesla,Model Y,Long Range,35988,Ultra Red,Black,38698,https://www.evauto.com/vehicle/used-2024-tesla-model-y-long-range-7saygdeexra288201/,09/14/2026,Available,0,0
7SAXCBE5XNF351807,L351807,2022,Tesla,Model X,Awd,61662,Pearl White Multi-coat,White/black,50489,https://www.evauto.com/vehicle/used-2022-tesla-model-x-awd-7saxcbe5xnf351807/,09/14/2026,Available,0,0
5YJ3E1EBXKF512383,L512383,2019,Tesla,Model 3,Long Range,114334,Blue,Black,21089,https://www.evauto.com/vehicle/used-2019-tesla-model-3-long-range-5yj3e1ebxkf512383/,09/14/2026,Available,0,0
