No.,VIN,stock_num,year,make,model,trim,odometer,color exterior,color interior,sale price,url,first date seen,last date seen,days in stock,
1,5YJ3E1EAXPF699185,T699185,2023,Tesla,Model 3,Rwd,"22,230",Deep Blue Metallic,Black,"$30,249.00",https://evauto.com/vehicle/used-2023-tesla-model-3-rwd-5yj3e1eaxpf699185/,09/09/2026,23/09/2026,14,(example)
2,5YJSA1E55NF475006,B475006L,2022,Tesla,Model S,Awd,"70,362",Solid Black,Black,"$38,999.00",https://evauto.com/vehicle/used-2022-tesla-model-s-awd-5yjsa1e55nf475006/,09/09/2026,,1,
3,7SAXCAE55SF467387,B467387L,2025,Tesla,Model X,Awd,"10,464",Solid Black,White,"$85,399.00",https://evauto.com/vehicle/used-2025-tesla-model-x-awd-7saxcae55sf467387/,09/09/2026,,1,
4,5YJ3E1EBXLF790637,T790637,2020,Tesla,Model 3,Long Range,"89,374",Solid Black,Black,"$23,789.00",https://evauto.com/vehicle/used-2020-tesla-model-3-long-range-5yj3e1ebxlf790637/,09/09/2026,,1,
5,7SAXCBE56NF333868,B333868L,2022,Tesla,Model X,Awd,"83,123",Solid Black,Black,"$42,999.00",https://evauto.com/vehicle/used-2022-tesla-model-x-awd-7saxcbe56nf333868/,09/09/2026,,1,
6,5YJ3E1EA4NF375324,B375324,2022,Tesla,Model 3,Rwd,"62,504",Pearl White Multi-coat,Black,"$24,749.00",https://evauto.com/vehicle/used-2022-tesla-model-3-rwd-5yj3e1ea4nf375324/,09/09/2026,,1,
7,5YJ3E1EC2PF708074,T708074,2023,Tesla,Model 3,Performance,"35,041",Gray,Black,"$34,749.00",https://evauto.com/vehicle/used-2023-tesla-model-3-performance-5yj3e1ec2pf708074/,09/09/2026,,1,
8,7SAYGDEE4PA195848,B195848,2023,Tesla,Model Y,Long Range,"25,038",Solid Black,Black,"$37,389.00",https://evauto.com/vehicle/used-2023-tesla-model-y-long-range-7saygdee4pa195848/,09/09/2026,,1,
9,7SAYGDEF9NF377733,T377733,2022,Tesla,Model Y,Performance,"82,842",Pearl White Multi-coat,Black,"$30,498.00",https://evauto.com/vehicle/used-2022-tesla-model-y-performance-7saygdef9nf377733/,09/09/2026,,1,
10,5YJ3E1EB8JF113843,T113843,2018,Tesla,Model 3,Long Range,"68,252",Gray,Black,"$23,489.00",https://evauto.com/vehicle/used-2018-tesla-model-3-long-range-5yj3e1eb8jf113843/,09/09/2026,,1,
11,7SAYGDEF8NF494185,L494185,2022,Tesla,Model Y,Performance,"57,919",Pearl White Multi-coat,Black,"$33,489.00",https://evauto.com/vehicle/used-2022-tesla-model-y-performance-7saygdef8nf494185/,09/09/2026,,1,
12,5YJYGDEF5MF212063,L212063,2021,Tesla,Model Y,Performance,"94,500",Pearl White Multi-coat,Black,"$25,999.00",https://evauto.com/vehicle/used-2021-tesla-model-y-performance-5yjygdef5mf212063/,09/09/2026,,1,
13,7SAYGDEEXRA246336,T246336,2024,Tesla,Model Y,Long Range,"56,527",Gray,Black,"$36,098.00",https://evauto.com/vehicle/used-2024-tesla-model-y-long-range-7saygdeexra246336/,09/09/2026,,1,
14,5YJ3E1EA8KF192987,T192987,2019,Tesla,Model 3,Mid Range,"52,772",Solid Black,Black,"$24,489.00",https://evauto.com/vehicle/used-2019-tesla-model-3-mid-range-5yj3e1ea8kf192987/,09/09/2026,,1,
15,5YJYGDEE0LF056987,L056987,2020,Tesla,Model Y,Long Range,"92,853",Red Multi-coat,White,"$25,698.00",https://evauto.com/vehicle/used-2020-tesla-model-y-long-range-5yjygdee0lf056987/,09/09/2026,,1,
16,5YJYGDEEXMF061020,T061020,2021,Tesla,Model Y,Long Range,"77,061",Solid Black,White,"$29,189.00",https://evauto.com/vehicle/used-2021-tesla-model-y-long-range-5yjygdeexmf061020/,09/09/2026,,1,
17,7SAYGDEF5NF542791,B542791,2022,Tesla,Model Y,Performance,"77,560",Pearl White Multi-coat,White,"$33,489.00",https://evauto.com/vehicle/used-2022-tesla-model-y-performance-7saygdef5nf542791/,09/09/2026,,1,
18,5YJ3E1EBXNF180188,L180188,2022,Tesla,Model 3,Long Range,"77,604",Pearl White Multi-coat,Black,"$27,989.00",https://evauto.com/vehicle/used-2022-tesla-model-3-long-range-5yj3e1ebxnf180188/,09/09/2026,,1,
19,5YJ3E1EC8PF499794,T499794,2023,Tesla,Model 3,Performance,"49,223",Pearl White Multi-coat,Black,"$32,399.00",https://evauto.com/vehicle/used-2023-tesla-model-3-performance-5yj3e1ec8pf499794/,09/09/2026,,1,
20,7SAYGDEFXNF546805,B546805,2022,Tesla,Model Y,Performance,"93,811",Gray,Black,"$29,489.00",https://evauto.com/vehicle/used-2022-tesla-model-y-performance-7saygdefxnf546805/,09/09/2026,,1,
21,5YJ3E1EA6PF473323,T473323,2023,Tesla,Model 3,Rwd,"57,744",Gray,Black,"$26,098.00",https://evauto.com/vehicle/used-2023-tesla-model-3-rwd-5yj3e1ea6pf473323/,09/09/2026,,1,
22,7SAYGDEE6RA238766,B238766,2024,Tesla,Model Y,Long Range,"54,929",Solid Black,White,"$36,489.00",https://evauto.com/vehicle/used-2024-tesla-model-y-long-range-7saygdee6ra238766/,09/09/2026,,1,
23,7SAYGDEE7PF715267,T715267,2023,Tesla,Model Y,Long Range,"100,139",Solid Black,Black,"$27,399.00",https://evauto.com/vehicle/used-2023-tesla-model-y-long-range-7saygdee7pf715267/,09/09/2026,,1,
24,5YJYGDEE9MF108716,B108716,2021,Tesla,Model Y,Long Range,"98,963",Solid Black,Black,"$25,989.00",https://evauto.com/vehicle/used-2021-tesla-model-y-long-range-5yjygdee9mf108716/,09/09/2026,,1,
25,5YJSA1E66MF447254,B447254L,2021,Tesla,Model S,Plaid,"31,789",Solid Black,Black,"$54,999.00",https://evauto.com/vehicle/used-2021-tesla-model-s-plaid-5yjsa1e66mf447254/,09/09/2026,,1,
26,5YJ3E1EC6MF976153,T976153,2021,Tesla,Model 3,Performance,"52,359",Pearl White Multi-coat,Black,"$30,399.00",https://evauto.com/vehicle/used-2021-tesla-model-3-performance-5yj3e1ec6mf976153/,09/09/2026,,1,
27,5YJ3E1EA3KF310797,T310797,2019,Tesla,Model 3,Standard Range Plus,"82,520",Solid Black,Black,"$21,989.00",https://evauto.com/vehicle/used-2019-tesla-model-3-standard-range-plus-5yj3e1ea3kf310797/,09/09/2026,,1,
28,5YJ3E1EA5NF186701,L186701,2022,Tesla,Model 3,Rwd,"91,808",Red Multi-coat,Black,"$20,989.00",https://evauto.com/vehicle/used-2022-tesla-model-3-rwd-5yj3e1ea5nf186701/,09/09/2026,,1,
29,7SAYGDEE3RA224131,L224131,2024,Tesla,Model Y,Long Range,"17,000",Deep Blue Metallic,Black,"$40,998.00",https://evauto.com/vehicle/used-2024-tesla-model-y-long-range-7saygdee3ra224131/,09/09/2026,,1,
30,5YJ3E1EB4MF034870,T034870,2021,Tesla,Model 3,Long Range,"99,984",Gray,Black,"$24,489.00",https://evauto.com/vehicle/used-2021-tesla-model-3-long-range-5yj3e1eb4mf034870/,09/09/2026,,1,
31,5YJ3E1EB7PF634691,T634691,2023,Tesla,Model 3,Long Range,"100,000",Gray,Black,"$25,488.00",https://evauto.com/vehicle/used-2023-tesla-model-3-long-range-5yj3e1eb7pf634691/,09/09/2026,,1,
32,7SAYGDEF5PF785262,B785262,2023,Tesla,Model Y,Performance,"57,837",Pearl White Multi-coat,White,"$34,399.00",https://evauto.com/vehicle/used-2023-tesla-model-y-performance-7saygdef5pf785262/,09/09/2026,,1,
33,5YJ3E1EAXMF852174,T852174,2021,Tesla,Model 3,Standard Range Plus,"54,325",Deep Blue Metallic,White,"$24,999.00",https://evauto.com/vehicle/used-2021-tesla-model-3-standard-range-plus-5yj3e1eaxmf852174/,09/09/2026,,1,
34,7SAYGDED5RF095965,L095965,2024,Tesla,Model Y,Rwd,"44,553",Solid Black,Black,"$34,489.00",https://evauto.com/vehicle/used-2024-tesla-model-y-rwd-7saygded5rf095965/,09/09/2026,,1,
35,5YJXCAE24LF233178,B233178A,2020,Tesla,Model X,Long Range Plus,"62,318",Pearl White Multi-coat,Black,"$41,399.00",https://evauto.com/vehicle/used-2020-tesla-model-x-long-range-plus-5yjxcae24lf233178/,09/09/2026,,1,
36,7SAYGDEF2PF826348,L826348,2023,Tesla,Model Y,Performance,"101,255",Gray,Black,"$28,399.00",https://evauto.com/vehicle/used-2023-tesla-model-y-performance-7saygdef2pf826348/,09/09/2026,,1,
37,5YJSA1E60MF431051,B431051,2021,Tesla,Model S,Plaid,"82,939",Deep Blue Metallic,Black,"$53,999.00",https://evauto.com/vehicle/used-2021-tesla-model-s-plaid-5yjsa1e60mf431051/,09/09/2026,,1,
38,7SAXCBE68PF375325,B375325,2023,Tesla,Model X,Plaid,"52,219",Pearl White Multi-coat,Black,"$70,189.00",https://evauto.com/vehicle/used-2023-tesla-model-x-plaid-7saxcbe68pf375325/,09/09/2026,,1,
39,5YJ3E1EA8PF426083,T426083,2023,Tesla,Model 3,Rwd,"31,501",Red Multi-coat,Black,"$29,489.00",https://evauto.com/vehicle/used-2023-tesla-model-3-rwd-5yj3e1ea8pf426083/,09/09/2026,,1,
40,7SAYGAEE0PF682868,B682868,2023,Tesla,Model Y,Long Range,"44,408",Pearl White Multi-coat,Black,"$35,489.00",https://evauto.com/vehicle/used-2023-tesla-model-y-long-range-7saygaee0pf682868/,09/09/2026,,1,
41,7SAYGAEE0PF633718,T633718,2023,Tesla,Model Y,Long Range,"49,512",Deep Blue Metallic,Black,"$34,489.00",https://evauto.com/vehicle/used-2023-tesla-model-y-long-range-7saygaee0pf633718/,09/09/2026,,1,
42,5YJYGDEE4MF108672,T108672,2021,Tesla,Model Y,Long Range,"72,176",Gray,White,"$29,489.00",https://evauto.com/vehicle/used-2021-tesla-model-y-long-range-5yjygdee4mf108672/,09/09/2026,,1,
43,7SAYGDEF4NF373007,T373007,2022,Tesla,Model Y,Performance,"35,957",Red Multi-coat,Black,"$34,749.00",https://evauto.com/vehicle/used-2022-tesla-model-y-performance-7saygdef4nf373007/,09/09/2026,,1,
44,5YJ3E1EB6MF066803,L066803,2021,Tesla,Model 3,Long Range,"74,663",Pearl White Multi-coat,Black,"$27,098.00",https://evauto.com/vehicle/used-2021-tesla-model-3-long-range-5yj3e1eb6mf066803/,09/09/2026,,1,
45,7SAYGDEE1RA228310,T228310,2024,Tesla,Model Y,Long Range,"29,885",Gray,Black,"$39,599.00",https://evauto.com/vehicle/used-2024-tesla-model-y-long-range-7saygdee1ra228310/,09/09/2026,,1,
46,7SAXCDE56NF349970,L349970L,2022,Tesla,Model X,Awd,"77,954",Pearl White Multi-coat,Cream,"$46,399.00",https://evauto.com/vehicle/used-2022-tesla-model-x-awd-7saxcde56nf349970/,09/09/2026,,1,
47,7SAYGAEE0RF208700,L208700,2024,Tesla,Model Y,Long Range,"75,804",Ultra Red,Black,"$34,989.00",https://evauto.com/vehicle/used-2024-tesla-model-y-long-range-7saygaee0rf208700/,09/09/2026,,1,
48,7SAYGDED8TA606105,T606105,2026,Tesla,Model Y,Rwd,"12,498",Gray,Black,"$43,399.00",https://evauto.com/vehicle/used-2026-tesla-model-y-rwd-7saygded8ta606105/,09/09/2026,,1,
49,5YJYGDEE3MF191723,T191723,2021,Tesla,Model Y,Long Range,"83,281",Deep Blue Metallic,Black,"$30,399.00",https://evauto.com/vehicle/used-2021-tesla-model-y-long-range-5yjygdee3mf191723/,09/09/2026,,1,
50,7SAYGDEE6PF661167,L661167,2023,Tesla,Model Y,Long Range,"37,601",Pearl White Multi-coat,Black,"$35,399.00",https://evauto.com/vehicle/used-2023-tesla-model-y-long-range-7saygdee6pf661167/,09/09/2026,,1,
51,5YJ3E1EC6NF266767,L266767,2022,Tesla,Model 3,Performance,"33,959",Red Multi-coat,White,"$32,898.00",https://evauto.com/vehicle/used-2022-tesla-model-3-performance-5yj3e1ec6nf266767/,09/09/2026,,1,
52,7SAYGDEF4NF493132,B493132L,2022,Tesla,Model Y,Performance,"42,889",Deep Blue Metallic,Black,"$31,489.00",https://evauto.com/vehicle/used-2022-tesla-model-y-performance-7saygdef4nf493132/,09/09/2026,,1,
53,5YJ3E1EC1MF874341,L874341,2021,Tesla,Model 3,Performance,"105,649",Gray,Black,"$23,999.00",https://evauto.com/vehicle/used-2021-tesla-model-3-performance-5yj3e1ec1mf874341/,09/09/2026,,1,
54,5YJ3E1EC9PF632272,B632272,2023,Tesla,Model 3,Performance,"40,291",Gray,White,"$34,489.00",https://evauto.com/vehicle/used-2023-tesla-model-3-performance-5yj3e1ec9pf632272/,09/09/2026,,1,
55,7SAYGDEF0NF542813,B542813,2022,Tesla,Model Y,Performance,"47,874",Gray,Black,"$33,189.00",https://evauto.com/vehicle/used-2022-tesla-model-y-performance-7saygdef0nf542813/,09/09/2026,,1,
56,7SAYGDEF0NF561426,L561426,2022,Tesla,Model Y,Performance,"62,630",Gray,White,"$34,489.00",https://evauto.com/vehicle/used-2022-tesla-model-y-performance-7saygdef0nf561426/,09/09/2026,,1,
57,7SAYGDEE6PF690250,T690250,2023,Tesla,Model Y,Long Range,"66,410",Solid Black,Black,"$32,999.00",https://evauto.com/vehicle/used-2023-tesla-model-y-long-range-7saygdee6pf690250/,09/09/2026,,1,
58,7SAYGDEE5PA198581,B198581,2023,Tesla,Model Y,Long Range,"45,852",Pearl White Multi-coat,Black,"$35,399.00",https://evauto.com/vehicle/used-2023-tesla-model-y-long-range-7saygdee5pa198581/,09/09/2026,,1,
59,7SAYGDEFXPF708001,T708001,2023,Tesla,Model Y,Performance,"62,701",Solid Black,Black,"$32,999.00",https://evauto.com/vehicle/used-2023-tesla-model-y-performance-7saygdefxpf708001/,09/09/2026,,1,
60,7SAYGAEE8NF552138,L552138,2022,Tesla,Model Y,Long Range,"31,600",Solid Black,White,"$35,489.00",https://evauto.com/vehicle/used-2022-tesla-model-y-long-range-7saygaee8nf552138/,09/09/2026,,1,
61,7SAYGDEE4NF481814,T481814,2022,Tesla,Model Y,Long Range,"58,703",Deep Blue Metallic,Black,"$30,689.00",https://evauto.com/vehicle/used-2022-tesla-model-y-long-range-7saygdee4nf481814/,09/09/2026,,1,
62,5YJ3E1EA8PF406691,T406691,2023,Tesla,Model 3,Rwd,"99,056",Gray,Black,"$22,999.00",https://evauto.com/vehicle/used-2023-tesla-model-3-rwd-5yj3e1ea8pf406691/,09/09/2026,,1,
63,7SAYGDEF1PF597502,T597502A,2023,Tesla,Model Y,Performance,"107,781",Pearl White Multi-coat,White/black,"$28,999.00",https://evauto.com/vehicle/used-2023-tesla-model-y-performance-7saygdef1pf597502/,09/09/2026,,1,
64,5YJ3E1EA9PF662872,T662872,2023,Tesla,Model 3,Rwd,"22,084",Gray,Black,"$29,489.00",https://evauto.com/vehicle/used-2023-tesla-model-3-rwd-5yj3e1ea9pf662872/,09/09/2026,,1,
65,5YJYGDEFXMF263994,T263994,2021,Tesla,Model Y,Performance,"73,351",Deep Blue Metallic,White,"$29,089.00",https://evauto.com/vehicle/used-2021-tesla-model-y-performance-5yjygdefxmf263994/,09/09/2026,,1,
66,7SAXCBE59NF360188,B360188C,2022,Tesla,Model X,Awd,"48,529",Solid Black,Black,"$64,489.00",https://evauto.com/vehicle/used-2022-tesla-model-x-awd-7saxcbe59nf360188/,09/09/2026,,1,
67,5YJYGDEE9MF110000,T110000,2021,Tesla,Model Y,Long Range,"92,701",Gray,Black,"$25,999.00",https://evauto.com/vehicle/used-2021-tesla-model-y-long-range-5yjygdee9mf110000/,09/09/2026,,1,
68,5YJYGDEE5MF274957,T274957,2021,Tesla,Model Y,Long Range,"72,152",Deep Blue Metallic,Black,"$29,098.00",https://evauto.com/vehicle/used-2021-tesla-model-y-long-range-5yjygdee5mf274957/,09/09/2026,,1,
69,7SAYGDEF6NF484660,B484660,2022,Tesla,Model Y,Performance,"75,436",Pearl White Multi-coat,Black,"$32,489.00",https://evauto.com/vehicle/used-2022-tesla-model-y-performance-7saygdef6nf484660/,09/09/2026,,1,
70,7G2CEHEEXRA042489,L042489,2024,Tesla,Cybertruck,Cyberbeast,"31,905",Stainless Steel,Black,"$86,189.00",https://evauto.com/vehicle/used-2024-tesla-cybertruck-cyberbeast-7g2ceheexra042489/,09/09/2026,,1,
71,7SAYGDEF8NF531736,T531736,2022,Tesla,Model Y,Performance,"69,421",Deep Blue Metallic,White,"$32,489.00",https://evauto.com/vehicle/used-2022-tesla-model-y-performance-7saygdef8nf531736/,09/09/2026,,1,
72,7SAYGDEE1RA252672,T252672,2024,Tesla,Model Y,Long Range,"31,729",Gray,White,"$39,299.00",https://evauto.com/vehicle/used-2024-tesla-model-y-long-range-7saygdee1ra252672/,09/09/2026,,1,
73,7SAXCDE56NF341156,B341156L,2022,Tesla,Model X,Awd,"39,610",Solid Black,Black,"$50,999.00",https://evauto.com/vehicle/used-2022-tesla-model-x-awd-7saxcde56nf341156/,09/09/2026,,1,
74,7SAYGDEE1PA161480,L161480,2023,Tesla,Model Y,Long Range,"44,823",Red Multi-coat,Black,"$35,489.00",https://evauto.com/vehicle/used-2023-tesla-model-y-long-range-7saygdee1pa161480/,09/09/2026,,1,
75,7G2CEHED7RA001437,B001437L,2024,Tesla,Cybertruck,Awd,"55,551",Stainless Steel,Black,"$67,399.00",https://evauto.com/vehicle/used-2024-tesla-cybertruck-awd-7g2cehed7ra001437/,09/09/2026,,1,
76,5YJ3E1EA7MF027838,T027838,2021,Tesla,Model 3,Standard Range Plus,"93,586",Gray,Black,"$20,659.00",https://evauto.com/vehicle/used-2021-tesla-model-3-standard-range-plus-5yj3e1ea7mf027838/,09/09/2026,,1,
77,5YJ3E1EB3NF206534,L206534,2022,Tesla,Model 3,Long Range,"77,331",Gray,Black,"$27,999.00",https://evauto.com/vehicle/used-2022-tesla-model-3-long-range-5yj3e1eb3nf206534/,09/09/2026,,1,
78,5YJ3E1EB8KF194523,T194523,2019,Tesla,Model 3,Long Range,"100,156",Red Multi-coat,Black,"$19,999.00",https://evauto.com/vehicle/used-2019-tesla-model-3-long-range-5yj3e1eb8kf194523/,09/09/2026,,1,
79,7SAYGDEF4NF539929,T539929,2022,Tesla,Model Y,Performance,"60,022",Solid Black,Black,"$31,999.00",https://evauto.com/vehicle/used-2022-tesla-model-y-performance-7saygdef4nf539929/,09/09/2026,,1,
80,5YJ3E1EBXLF787575,T787575,2020,Tesla,Model 3,Long Range,"59,618",Pearl White Multi-coat,Black,"$26,999.00",https://evauto.com/vehicle/used-2020-tesla-model-3-long-range-5yj3e1ebxlf787575/,09/09/2026,,1,
81,7SAYGDEF9NF439132,T439132,2022,Tesla,Model Y,Performance,"66,634",Solid Black,Black,"$31,498.00",https://evauto.com/vehicle/used-2022-tesla-model-y-performance-7saygdef9nf439132/,09/09/2026,,1,
82,5YJ3E1EB4NF187928,L187928,2022,Tesla,Model 3,Long Range,"106,270",Red Multi-coat,Black,"$24,399.00",https://evauto.com/vehicle/used-2022-tesla-model-3-long-range-5yj3e1eb4nf187928/,09/09/2026,,1,
83,7SAXCBE68NF331399,L331399L,2022,Tesla,Model X,Plaid,"36,239",Solid Black,Cream,"$60,399.00",https://evauto.com/vehicle/used-2022-tesla-model-x-plaid-7saxcbe68nf331399/,09/09/2026,,1,
84,7SAXCDE56RF440825,L440825L,2024,Tesla,Model X,Awd,"25,769",Gray,Black,"$68,399.00",https://evauto.com/vehicle/used-2024-tesla-model-x-awd-7saxcde56rf440825/,09/09/2026,,1,
85,7SAYGDEF8NF461199,T461199,2022,Tesla,Model Y,Performance,"67,194",Solid Black,Black,"$31,489.00",https://evauto.com/vehicle/used-2022-tesla-model-y-performance-7saygdef8nf461199/,09/09/2026,,1,
86,5YJ3E1EB3RF855062,L855062,2024,Tesla,Model 3,Long Range,"23,374",Quicksilver,White,"$39,989.00",https://evauto.com/vehicle/used-2024-tesla-model-3-long-range-5yj3e1eb3rf855062/,09/09/2026,,1,
87,5YJSA1E69NF464826,L464826L,2022,Tesla,Model S,Plaid,"51,722",Gray,Black,"$59,399.00",https://evauto.com/vehicle/used-2022-tesla-model-s-plaid-5yjsa1e69nf464826/,09/09/2026,,1,
88,7SAXCBE6XNF334112,L334112,2022,Tesla,Model X,Plaid,"43,063",Gray,Black,"$59,999.00",https://evauto.com/vehicle/used-2022-tesla-model-x-plaid-7saxcbe6xnf334112/,09/09/2026,,1,
89,5YJ3E1EB4NF260389,B260389,2022,Tesla,Model 3,Long Range,"51,307",Pearl White Multi-coat,Black,"$30,049.00",https://evauto.com/vehicle/used-2022-tesla-model-3-long-range-5yj3e1eb4nf260389/,09/09/2026,,1,
90,5YJYGDEE9MF125189,T125189,2021,Tesla,Model Y,Long Range,"32,689",Gray,Black,"$34,489.00",https://evauto.com/vehicle/used-2021-tesla-model-y-long-range-5yjygdee9mf125189/,09/09/2026,,1,
91,5YJYGDEE8MF094999,L094999,2021,Tesla,Model Y,Long Range,"118,158",Pearl White Multi-coat,Black,"$23,999.00",https://evauto.com/vehicle/used-2021-tesla-model-y-long-range-5yjygdee8mf094999/,09/09/2026,,1,
92,5YJ3E1EC5MF869644,T869644,2021,Tesla,Model 3,Performance,"93,495",Pearl White Multi-coat,White,"$25,999.00",https://evauto.com/vehicle/used-2021-tesla-model-3-performance-5yj3e1ec5mf869644/,09/09/2026,,1,
93,7SAYGDEF6PF808953,L808953L,2023,Tesla,Model Y,Performance,"56,214",Solid Black,Black,"$32,999.00",https://evauto.com/vehicle/used-2023-tesla-model-y-performance-7saygdef6pf808953/,09/09/2026,,1,
94,7SAYGDEF8NF452048,L452048,2022,Tesla,Model Y,Performance,"90,558",Pearl White Multi-coat,Black,"$28,989.00",https://evauto.com/vehicle/used-2022-tesla-model-y-performance-7saygdef8nf452048/,09/09/2026,,1,
95,5YJ3E1ET9RF854555,B854555,2024,Tesla,Model 3,Performance,"41,332",Gray,Black,"$42,489.00",https://evauto.com/vehicle/used-2024-tesla-model-3-performance-5yj3e1et9rf854555/,09/09/2026,,1,
96,5YJ3E1ET7RF782903,L782903A,2024,Tesla,Model 3,Performance,"7,058",Solid Black,Black,"$46,798.00",https://evauto.com/vehicle/used-2024-tesla-model-3-performance-5yj3e1et7rf782903/,09/09/2026,,1,
97,5YJ3E1EC3LF642208,T642208,2020,Tesla,Model 3,Performance,"58,626",Pearl White Multi-coat,White,"$27,489.00",https://evauto.com/vehicle/used-2020-tesla-model-3-performance-5yj3e1ec3lf642208/,09/09/2026,,1,
98,7SAYGDEF9PF740034,L740034L,2023,Tesla,Model Y,Performance,"22,962",Red Multi-coat,Black,"$36,199.00",https://evauto.com/vehicle/used-2023-tesla-model-y-performance-7saygdef9pf740034/,09/09/2026,,1,
99,5YJ3E1EB9NF185138,B185138,2022,Tesla,Model 3,Long Range,"114,661",Gray,Black,"$23,089.00",https://evauto.com/vehicle/used-2022-tesla-model-3-long-range-5yj3e1eb9nf185138/,09/09/2026,,1,
100,7SAYGDEFXNF406334,B406334,2022,Tesla,Model Y,Performance,"35,881",Deep Blue Metallic,Black,"$35,999.00",https://evauto.com/vehicle/used-2022-tesla-model-y-performance-7saygdefxnf406334/,09/09/2026,,1,
101,7SAXCDE58NF350165,B350165,2022,Tesla,Model X,Base,"56,148",Solid Black,Black,"$47,699.00",https://evauto.com/vehicle/used-2022-tesla-model-x-base-7saxcde58nf350165/,09/09/2026,,1,
102,7SAYGDEE4PF688464,T688464,2023,Tesla,Model Y,Long Range,"37,352",Red Multi-coat,White,"$35,998.00",https://evauto.com/vehicle/used-2023-tesla-model-y-long-range-7saygdee4pf688464/,09/09/2026,,1,
103,5YJ3E1EA7PF655192,T655192,2023,Tesla,Model 3,Rwd,"40,491",Gray,Black,"$29,189.00",https://evauto.com/vehicle/used-2023-tesla-model-3-rwd-5yj3e1ea7pf655192/,09/09/2026,,1,
104,7SAYGDETXTA681590,T681590,2026,Tesla,Model Y,Performance,"1,119",Pearl White Multi-coat,Black,"$59,789.00",https://evauto.com/vehicle/used-2026-tesla-model-y-performance-7saygdetxta681590/,09/09/2026,,1,
105,7SAYGDEF3NF459635,B459635,2022,Tesla,Model Y,Performance,"50,682",Gray,Black,"$32,489.00",https://evauto.com/vehicle/used-2022-tesla-model-y-performance-7saygdef3nf459635/,09/09/2026,,1,
106,7SAYGDEE8RA252863,B252863,2024,Tesla,Model Y,Long Range,"39,220",Gray,Black,"$38,098.00",https://evauto.com/vehicle/used-2024-tesla-model-y-long-range-7saygdee8ra252863/,09/09/2026,,1,
107,5YJ3E1EB0JF112590,T112590,2018,Tesla,Model 3,Long Range,"107,627",Deep Blue Metallic,Black,"$19,789.00",https://evauto.com/vehicle/used-2018-tesla-model-3-long-range-5yj3e1eb0jf112590/,09/09/2026,,1,
108,7SAYGDEE3TF365839,B365839,2026,Tesla,Model Y,Long Range,"42,999",Black,Black,"$45,989.00",https://evauto.com/vehicle/used-2026-tesla-model-y-long-range-7saygdee3tf365839/,09/09/2026,,1,
109,5YJ3E1EB5MF847943,T847943,2021,Tesla,Model 3,Long Range,"87,107",Red Multi-coat,White,"$25,489.00",https://evauto.com/vehicle/used-2021-tesla-model-3-long-range-5yj3e1eb5mf847943/,09/09/2026,,1,
110,5YJ3E1EB8JF184735,T184735,2018,Tesla,Model 3,Long Range Battery,"48,715",Black,Black,"$27,399.00",https://evauto.com/vehicle/used-2018-tesla-model-3-long-range-battery-5yj3e1eb8jf184735/,09/09/2026,,1,
111,5YJYGDEE2MF213341,B213341,2021,Tesla,Model Y,Long Range,"97,450",Red Multi-coat,Black,"$25,989.00",https://evauto.com/vehicle/used-2021-tesla-model-y-long-range-5yjygdee2mf213341/,09/09/2026,,1,
112,5YJ3E1EA6MF854522,T854522,2021,Tesla,Model 3,Standard Range Plus,"92,763",Gray,Black,"$20,749.00",https://evauto.com/vehicle/used-2021-tesla-model-3-standard-range-plus-5yj3e1ea6mf854522/,09/09/2026,,1,
113,7SAYGDEF1PF940213,B940213,2023,Tesla,Model Y,Performance,"62,941",Solid Black,Black,"$34,498.00",https://evauto.com/vehicle/used-2023-tesla-model-y-performance-7saygdef1pf940213/,09/09/2026,,1,
114,5YJ3E1EB3KF494423,T494423,2019,Tesla,Model 3,Long Range,"82,973",Pearl White Multi-coat,White,"$22,989.00",https://evauto.com/vehicle/used-2019-tesla-model-3-long-range-5yj3e1eb3kf494423/,09/09/2026,,1,
115,7SAYGDEE1RF063894,L063894,2024,Tesla,Model Y,Long Range,"36,229",Gray,Black,"$38,698.00",https://evauto.com/vehicle/used-2024-tesla-model-y-long-range-7saygdee1rf063894/,09/09/2026,,1,
116,5YJ3E1EB3PF388447,L388447,2023,Tesla,Model 3,Long Range,"83,551",Gray,Black,"$27,098.00",https://evauto.com/vehicle/used-2023-tesla-model-3-long-range-5yj3e1eb3pf388447/,09/09/2026,,1,
117,5YJ3E1EB3JF063076,B063076,2018,Tesla,Model 3,Performance,"107,764",Gray,Black,"$21,598.00",https://evauto.com/vehicle/used-2018-tesla-model-3-performance-5yj3e1eb3jf063076/,09/09/2026,,1,
118,5YJ3E1EB8LF650070,L650070,2020,Tesla,Model 3,Long Range,"56,604",Pearl White Multi-coat,Black,"$26,698.00",https://evauto.com/vehicle/used-2020-tesla-model-3-long-range-5yj3e1eb8lf650070/,09/09/2026,,1,
119,7SAYGDEF6PF853200,T853200,2023,Tesla,Model Y,Performance,"101,431",Red Multi-coat,Black,"$29,399.00",https://evauto.com/vehicle/used-2023-tesla-model-y-performance-7saygdef6pf853200/,09/09/2026,,1,
120,7SAYGDEEXPF809272,L809272,2023,Tesla,Model Y,Long Range,"21,097",Gray,Black,"$37,999.00",https://evauto.com/vehicle/used-2023-tesla-model-y-long-range-7saygdeexpf809272/,09/09/2026,,1,
121,7SAYGDET5TA719839,T719839,2026,Tesla,Model Y,Performance,650,Pearl White Multi-coat,Black,"$62,488.00",https://evauto.com/vehicle/used-2026-tesla-model-y-performance-7saygdet5ta719839/,09/09/2026,,1,
122,7SAYGDEE6PA092611,T092611,2023,Tesla,Model Y,Long Range,"50,305",Pearl White Multi-coat,Black,"$34,998.00",https://evauto.com/vehicle/used-2023-tesla-model-y-long-range-7saygdee6pa092611/,09/09/2026,,1,
123,5YJ3E1EA2PF585620,T585620,2023,Tesla,Model 3,Rwd,"24,331",Pearl White Multi-coat,Black,"$30,789.00",https://evauto.com/vehicle/used-2023-tesla-model-3-rwd-5yj3e1ea2pf585620/,09/09/2026,,1,
124,7SAYGDEF4PF702419,B702419,2023,Tesla,Model Y,Performance,"20,851",Solid Black,Black,"$38,498.00",https://evauto.com/vehicle/used-2023-tesla-model-y-performance-7saygdef4pf702419/,09/09/2026,,1,
125,5YJ3E1EC3NF263017,L263017,2022,Tesla,Model 3,Performance,"40,921",Gray,Black,"$32,098.00",https://evauto.com/vehicle/used-2022-tesla-model-3-performance-5yj3e1ec3nf263017/,09/09/2026,,1,
126,5YJ3E1EC4PF410867,B410867,2023,Tesla,Model 3,Performance,"43,126",Solid Black,White,"$34,489.00",https://evauto.com/vehicle/used-2023-tesla-model-3-performance-5yj3e1ec4pf410867/,09/09/2026,,1,
127,7SAYGDEE8TA470020,B470020,2026,Tesla,Model Y,Long Range,"10,634",Gray,Black,"$50,098.00",https://evauto.com/vehicle/used-2026-tesla-model-y-long-range-7saygdee8ta470020/,09/09/2026,,1,
128,7SAYGDEE8PF877084,B877084,2023,Tesla,Model Y,Long Range,"87,264",Gray,Black,"$30,399.00",https://evauto.com/vehicle/used-2023-tesla-model-y-long-range-7saygdee8pf877084/,09/09/2026,,1,
129,7SAYGDEF6NF503286,B503286,2022,Tesla,Model Y,Performance,"45,028",Gray,Black,"$33,999.00",https://evauto.com/vehicle/used-2022-tesla-model-y-performance-7saygdef6nf503286/,09/09/2026,,1,
130,7SAYGDEE6RF181407,T181407,2024,Tesla,Model Y,Long Range,"29,377",Pearl White Multi-coat,Black,"$32,999.00",https://evauto.com/vehicle/used-2024-tesla-model-y-long-range-7saygdee6rf181407/,09/09/2026,,1,
131,5YJYGDEF1LF005555,L005555,2020,Tesla,Model Y,Long Range,"119,960",Pearl White Multi-coat,Black,"$32,999.00",https://evauto.com/vehicle/used-2020-tesla-model-y-long-range-5yjygdef1lf005555/,09/09/2026,,1,
132,7SAYGDEE7NF509346,L509346,2022,Tesla,Model Y,Long Range,"55,478",Solid Black,Black,"$32,399.00",https://evauto.com/vehicle/used-2022-tesla-model-y-long-range-7saygdee7nf509346/,09/09/2026,,1,
133,5YJ3E1EB3NF199357,L199357,2022,Tesla,Model 3,Long Range,"54,670",Deep Blue Metallic,Black,"$29,399.00",https://evauto.com/vehicle/used-2022-tesla-model-3-long-range-5yj3e1eb3nf199357/,09/09/2026,,1,
134,7G2CEHEEXRA029080,T029080,2024,Tesla,Cybertruck,Cyberbeast,"21,218",Stainless Steel,Black,"$92,398.00",https://evauto.com/vehicle/used-2024-tesla-cybertruck-cyberbeast-7g2ceheexra029080/,09/09/2026,,1,
135,5YJYGAEE4MF255878,B255878,2021,Tesla,Model Y,Long Range,"78,010",Pearl White Multi-coat,Black,"$28,999.00",https://evauto.com/vehicle/used-2021-tesla-model-y-long-range-5yjygaee4mf255878/,09/09/2026,,1,
136,7SAYGDEE4PF794185,L794185,2023,Tesla,Model Y,Long Range,"65,238",Pearl White Multi-coat,Black,"$32,999.00",https://evauto.com/vehicle/used-2023-tesla-model-y-long-range-7saygdee4pf794185/,09/09/2026,,1,
137,7SAYGDEEXRA265811,T265811,2024,Tesla,Model Y,Long Range,"20,735",Gray,White,"$40,198.00",https://evauto.com/vehicle/used-2024-tesla-model-y-long-range-7saygdeexra265811/,09/09/2026,,1,
138,5YJ3E1EB8LF663627,B663627,2020,Tesla,Model 3,Long Range,"65,612",Pearl White Multi-coat,Black,"$28,399.00",https://evauto.com/vehicle/used-2020-tesla-model-3-long-range-5yj3e1eb8lf663627/,09/09/2026,,1,
139,5YJ3E1EA2PF688570,L688570L,2023,Tesla,Model 3,Rwd,"52,235",Gray,Black,"$25,498.00",https://evauto.com/vehicle/used-2023-tesla-model-3-rwd-5yj3e1ea2pf688570/,09/09/2026,,1,